Region,Interest
Kansas,100
New York,19
Maryland,15
Massachusetts,14
Virginia,11
California,10
District of Columbia,10
Rhode Island,10
Pennsylvania,10
Georgia,10
New Jersey,9
Washington,9
North Carolina,9
Texas,9
Connecticut,9
Illinois,9
Indiana,8
Florida,8
Iowa,8
Colorado,8
Tennessee,7
Alabama,7
Kentucky,7
Utah,7
South Carolina,7
Missouri,7
Michigan,7
Ohio,7
South Dakota,7
New Mexico,7
Mississippi,7
Nebraska,7
Arizona,7
New Hampshire,7
Oklahoma,6
Delaware,6
Minnesota,6
Arkansas,6
Nevada,6
Louisiana,6
West Virginia,6
Oregon,6
Wisconsin,5
North Dakota,5
Idaho,5
Wyoming,4
Vermont,4
Montana,4
Hawaii,3
Maine,3
